<TaskerData sr="" dvi="1" tv="6.5.9">
	<Profile sr="prof24" ve="2">
		<cdate>1749637882641</cdate>
		<clp>true</clp>
		<edate>1749638412150</edate>
		<flags>8</flags>
		<id>24</id>
		<mid0>28</mid0>
		<Event sr="con0" ve="2">
			<code>18927444</code>
			<pri>0</pri>
			<Bundle sr="arg0">
				<Vals sr="val">
					<Command>GAMICRAFT_PLAYSOUND</Command>
					<Command-type>java.lang.String</Command-type>
					<CommandCaseInsensitive>false</CommandCaseInsensitive>
					<CommandCaseInsensitive-type>java.lang.Boolean</CommandCaseInsensitive-type>
					<CommandExact>false</CommandExact>
					<CommandExact-type>java.lang.Boolean</CommandExact-type>
					<CommandRegex>false</CommandRegex>
					<CommandRegex-type>java.lang.Boolean</CommandRegex-type>
					<VariableArray>false</VariableArray>
					<VariableArray-type>java.lang.Boolean</VariableArray-type>
					<VariableNames>%commandId,%sound</VariableNames>
					<VariableNames-type>java.lang.String</VariableNames-type>
					<com.twofortyfouram.locale.intent.extra.BLURB>Command Filter: GAMICRAFT_PLAYSOUND
Variable Names: %commandId,%sound</com.twofortyfouram.locale.intent.extra.BLURB>
					<com.twofortyfouram.locale.intent.extra.BLURB-type>java.lang.String</com.twofortyfouram.locale.intent.extra.BLURB-type>
					<net.dinglisch.android.tasker.EXTRA_NSR_DEPRECATED>true</net.dinglisch.android.tasker.EXTRA_NSR_DEPRECATED>
					<net.dinglisch.android.tasker.EXTRA_NSR_DEPRECATED-type>java.lang.Boolean</net.dinglisch.android.tasker.EXTRA_NSR_DEPRECATED-type>
					<net.dinglisch.android.tasker.RELEVANT_VARIABLES>&lt;StringArray sr=""&gt;&lt;_array_net.dinglisch.android.tasker.RELEVANT_VARIABLES0&gt;%aacomm
Command at the right of =:=, if there's only 1 =:=
&lt;/_array_net.dinglisch.android.tasker.RELEVANT_VARIABLES0&gt;&lt;_array_net.dinglisch.android.tasker.RELEVANT_VARIABLES1&gt;%aacomm()
Commands at the right of =:=, if there's more than 1 =:=
&lt;/_array_net.dinglisch.android.tasker.RELEVANT_VARIABLES1&gt;&lt;_array_net.dinglisch.android.tasker.RELEVANT_VARIABLES2&gt;%aamessage
The whole message that was received
&lt;/_array_net.dinglisch.android.tasker.RELEVANT_VARIABLES2&gt;&lt;_array_net.dinglisch.android.tasker.RELEVANT_VARIABLES3&gt;%aapar()
Parameters at the left of =:=
&lt;/_array_net.dinglisch.android.tasker.RELEVANT_VARIABLES3&gt;&lt;_array_net.dinglisch.android.tasker.RELEVANT_VARIABLES4&gt;%commandid
commandid
commandid&lt;/_array_net.dinglisch.android.tasker.RELEVANT_VARIABLES4&gt;&lt;_array_net.dinglisch.android.tasker.RELEVANT_VARIABLES5&gt;%sound
sound
sound&lt;/_array_net.dinglisch.android.tasker.RELEVANT_VARIABLES5&gt;&lt;/StringArray&gt;</net.dinglisch.android.tasker.RELEVANT_VARIABLES>
					<net.dinglisch.android.tasker.RELEVANT_VARIABLES-type>[Ljava.lang.String;</net.dinglisch.android.tasker.RELEVANT_VARIABLES-type>
					<net.dinglisch.android.tasker.extras.REQUESTED_TIMEOUT>0</net.dinglisch.android.tasker.extras.REQUESTED_TIMEOUT>
					<net.dinglisch.android.tasker.extras.REQUESTED_TIMEOUT-type>java.lang.Integer</net.dinglisch.android.tasker.extras.REQUESTED_TIMEOUT-type>
					<net.dinglisch.android.tasker.extras.VARIABLE_REPLACE_KEYS>Command VariableNames plugininstanceid plugintypeid </net.dinglisch.android.tasker.extras.VARIABLE_REPLACE_KEYS>
					<net.dinglisch.android.tasker.extras.VARIABLE_REPLACE_KEYS-type>java.lang.String</net.dinglisch.android.tasker.extras.VARIABLE_REPLACE_KEYS-type>
					<net.dinglisch.android.tasker.subbundled>true</net.dinglisch.android.tasker.subbundled>
					<net.dinglisch.android.tasker.subbundled-type>java.lang.Boolean</net.dinglisch.android.tasker.subbundled-type>
					<plugininstanceid>0c567266-4847-44a9-ad8a-99e86005e3ac</plugininstanceid>
					<plugininstanceid-type>java.lang.String</plugininstanceid-type>
					<plugintypeid>com.joaomgcd.autoappshub.intent.IntentCommand</plugintypeid>
					<plugintypeid-type>java.lang.String</plugintypeid-type>
				</Vals>
			</Bundle>
			<Str sr="arg1" ve="3">com.joaomgcd.autoappshub</Str>
			<Str sr="arg2" ve="3">com.joaomgcd.autoappshub.activity.ActivityConfigCommand</Str>
			<Int sr="arg3" val="1"/>
		</Event>
	</Profile>
	<Profile sr="prof25" ve="2">
		<cdate>1747331470454</cdate>
		<edate>1749801280272</edate>
		<flags>8</flags>
		<id>25</id>
		<mid0>26</mid0>
		<nme>TBC Command</nme>
		<Event sr="con0" ve="2">
			<code>18927444</code>
			<pri>0</pri>
			<Bundle sr="arg0">
				<Vals sr="val">
					<Command>GAMICRAFT_TBC_COMMAND</Command>
					<Command-type>java.lang.String</Command-type>
					<CommandCaseInsensitive>false</CommandCaseInsensitive>
					<CommandCaseInsensitive-type>java.lang.Boolean</CommandCaseInsensitive-type>
					<CommandExact>false</CommandExact>
					<CommandExact-type>java.lang.Boolean</CommandExact-type>
					<CommandRegex>false</CommandRegex>
					<CommandRegex-type>java.lang.Boolean</CommandRegex-type>
					<VariableArray>true</VariableArray>
					<VariableArray-type>java.lang.Boolean</VariableArray-type>
					<VariableNames>%action_type,%unit_data</VariableNames>
					<VariableNames-type>java.lang.String</VariableNames-type>
					<com.twofortyfouram.locale.intent.extra.BLURB>Command Filter: GAMICRAFT_TBC_COMMAND
Variable Names: %action_type,%unit_data
Variable Array: true</com.twofortyfouram.locale.intent.extra.BLURB>
					<com.twofortyfouram.locale.intent.extra.BLURB-type>java.lang.String</com.twofortyfouram.locale.intent.extra.BLURB-type>
					<net.dinglisch.android.tasker.EXTRA_NSR_DEPRECATED>true</net.dinglisch.android.tasker.EXTRA_NSR_DEPRECATED>
					<net.dinglisch.android.tasker.EXTRA_NSR_DEPRECATED-type>java.lang.Boolean</net.dinglisch.android.tasker.EXTRA_NSR_DEPRECATED-type>
					<net.dinglisch.android.tasker.RELEVANT_VARIABLES>&lt;StringArray sr=""&gt;&lt;_array_net.dinglisch.android.tasker.RELEVANT_VARIABLES0&gt;%aacomm
Command at the right of =:=, if there's only 1 =:=
&lt;/_array_net.dinglisch.android.tasker.RELEVANT_VARIABLES0&gt;&lt;_array_net.dinglisch.android.tasker.RELEVANT_VARIABLES1&gt;%aacomm()
Commands at the right of =:=, if there's more than 1 =:=
&lt;/_array_net.dinglisch.android.tasker.RELEVANT_VARIABLES1&gt;&lt;_array_net.dinglisch.android.tasker.RELEVANT_VARIABLES2&gt;%aamessage
The whole message that was received
&lt;/_array_net.dinglisch.android.tasker.RELEVANT_VARIABLES2&gt;&lt;_array_net.dinglisch.android.tasker.RELEVANT_VARIABLES3&gt;%aapar()
Parameters at the left of =:=
&lt;/_array_net.dinglisch.android.tasker.RELEVANT_VARIABLES3&gt;&lt;_array_net.dinglisch.android.tasker.RELEVANT_VARIABLES4&gt;%action_type
action_type
action_type&lt;/_array_net.dinglisch.android.tasker.RELEVANT_VARIABLES4&gt;&lt;_array_net.dinglisch.android.tasker.RELEVANT_VARIABLES5&gt;%unit_data()
unit_data
unit_data&lt;/_array_net.dinglisch.android.tasker.RELEVANT_VARIABLES5&gt;&lt;/StringArray&gt;</net.dinglisch.android.tasker.RELEVANT_VARIABLES>
					<net.dinglisch.android.tasker.RELEVANT_VARIABLES-type>[Ljava.lang.String;</net.dinglisch.android.tasker.RELEVANT_VARIABLES-type>
					<net.dinglisch.android.tasker.extras.REQUESTED_TIMEOUT>0</net.dinglisch.android.tasker.extras.REQUESTED_TIMEOUT>
					<net.dinglisch.android.tasker.extras.REQUESTED_TIMEOUT-type>java.lang.Integer</net.dinglisch.android.tasker.extras.REQUESTED_TIMEOUT-type>
					<net.dinglisch.android.tasker.extras.VARIABLE_REPLACE_KEYS>Command VariableNames plugininstanceid plugintypeid </net.dinglisch.android.tasker.extras.VARIABLE_REPLACE_KEYS>
					<net.dinglisch.android.tasker.extras.VARIABLE_REPLACE_KEYS-type>java.lang.String</net.dinglisch.android.tasker.extras.VARIABLE_REPLACE_KEYS-type>
					<net.dinglisch.android.tasker.subbundled>true</net.dinglisch.android.tasker.subbundled>
					<net.dinglisch.android.tasker.subbundled-type>java.lang.Boolean</net.dinglisch.android.tasker.subbundled-type>
					<plugininstanceid>2a0abe9a-5300-4da7-a07e-17651245acbb</plugininstanceid>
					<plugininstanceid-type>java.lang.String</plugininstanceid-type>
					<plugintypeid>com.joaomgcd.autoappshub.intent.IntentCommand</plugintypeid>
					<plugintypeid-type>java.lang.String</plugintypeid-type>
				</Vals>
			</Bundle>
			<Str sr="arg1" ve="3">com.joaomgcd.autoappshub</Str>
			<Str sr="arg2" ve="3">com.joaomgcd.autoappshub.activity.ActivityConfigCommand</Str>
			<Int sr="arg3" val="1"/>
		</Event>
	</Profile>
	<Project sr="proj0" ve="2">
		<cdate>1747025301286</cdate>
		<name>GC: TBC</name>
		<pids>25,24</pids>
		<tids>28,26,22,27,23</tids>
	</Project>
	<Task sr="task22">
		<cdate>1749800456394</cdate>
		<edate>1749827106093</edate>
		<id>22</id>
		<nme>TBC: Process Battle Result</nme>
		<Action sr="act0" ve="7">
			<code>417</code>
			<Str sr="arg0" ve="3">gamicraft/modules/turnbase_pseudo-combat/data/gamicraft_progression_data.json</Str>
			<Str sr="arg1" ve="3">%progression_data</Str>
			<Int sr="arg2" val="1"/>
		</Action>
		<Action sr="act1" ve="7">
			<code>131</code>
			<Str sr="arg0" ve="3">gamicraft/modules/turnbase_pseudo-combat/data/script/process_battle_results.js</Str>
			<Str sr="arg1" ve="3"/>
			<Int sr="arg2" val="1"/>
			<Int sr="arg3" val="45"/>
		</Action>
		<Action sr="act2" ve="7">
			<code>410</code>
			<Str sr="arg0" ve="3">gamicraft/modules/turnbase_pseudo-combat/data/gamicraft_progression_data.json</Str>
			<Str sr="arg1" ve="3">%new_progression_data_to_save</Str>
			<Int sr="arg2" val="0"/>
			<Int sr="arg3" val="1"/>
		</Action>
		<Action sr="act3" ve="7">
			<code>30</code>
			<Int sr="arg0">
				<var>500</var>
			</Int>
			<Int sr="arg1" val="0"/>
			<Int sr="arg2" val="0"/>
			<Int sr="arg3" val="0"/>
			<Int sr="arg4" val="0"/>
		</Action>
		<Action sr="act4" ve="7">
			<code>1165325195</code>
			<Bundle sr="arg0">
				<Vals sr="val">
					<AlwaysRefreshPreset>false</AlwaysRefreshPreset>
					<AlwaysRefreshPreset-type>java.lang.Boolean</AlwaysRefreshPreset-type>
					<ScreenPreset>&lt;null&gt;</ScreenPreset>
					<ScreenPreset-type>java.lang.String</ScreenPreset-type>
					<com.twofortyfouram.locale.intent.extra.BLURB>Display Mode: Immersive
Source: /storage/emulated/0/gamicraft/modules/turnbase_pseudo-combat/app/index.html
Toast Duration: 5000
Height: 400
Gravity: Center
Animation: Slide In From Top
Show Duration: 500
Hide Duration: 250
Turn Screen On: true
Handle All Links: true
Update: true
Full Battle State JSON: %battle_state
Asset Base Path (from Tasker): %source_path</com.twofortyfouram.locale.intent.extra.BLURB>
					<com.twofortyfouram.locale.intent.extra.BLURB-type>java.lang.String</com.twofortyfouram.locale.intent.extra.BLURB-type>
					<net.dinglisch.android.tasker.JSON_ENCODED_KEYS>parameters</net.dinglisch.android.tasker.JSON_ENCODED_KEYS>
					<net.dinglisch.android.tasker.JSON_ENCODED_KEYS-type>java.lang.String</net.dinglisch.android.tasker.JSON_ENCODED_KEYS-type>
					<net.dinglisch.android.tasker.RELEVANT_VARIABLES>&lt;StringArray sr=""&gt;&lt;_array_net.dinglisch.android.tasker.RELEVANT_VARIABLES0&gt;%err
Error Code
Only available if you select &amp;lt;b&amp;gt;Continue Task After Error&amp;lt;/b&amp;gt; and the action ends in error&lt;/_array_net.dinglisch.android.tasker.RELEVANT_VARIABLES0&gt;&lt;_array_net.dinglisch.android.tasker.RELEVANT_VARIABLES1&gt;%errmsg
Error Message
Only available if you select &amp;lt;b&amp;gt;Continue Task After Error&amp;lt;/b&amp;gt; and the action ends in error&lt;/_array_net.dinglisch.android.tasker.RELEVANT_VARIABLES1&gt;&lt;/StringArray&gt;</net.dinglisch.android.tasker.RELEVANT_VARIABLES>
					<net.dinglisch.android.tasker.RELEVANT_VARIABLES-type>[Ljava.lang.String;</net.dinglisch.android.tasker.RELEVANT_VARIABLES-type>
					<net.dinglisch.android.tasker.extras.VARIABLE_REPLACE_KEYS>parameters plugininstanceid plugintypeid </net.dinglisch.android.tasker.extras.VARIABLE_REPLACE_KEYS>
					<net.dinglisch.android.tasker.extras.VARIABLE_REPLACE_KEYS-type>java.lang.String</net.dinglisch.android.tasker.extras.VARIABLE_REPLACE_KEYS-type>
					<net.dinglisch.android.tasker.subbundled>true</net.dinglisch.android.tasker.subbundled>
					<net.dinglisch.android.tasker.subbundled-type>java.lang.Boolean</net.dinglisch.android.tasker.subbundled-type>
					<parameters>{"inputJavascriptInject":{"javascriptInjectBottom":""},"loadAllLinksInternally":true,"overlayToastDuration":"5000","webScreenOverlay":{"overlayHidDuration":"250","overlayReturnToOriginalPosition":false,"overlayShowDuration":"500","overlayTurnScreenOn":true},"webscreebKeepScreenOn":false,"webscreenColors":{},"webscreenCommands":{"continueOnError":false,"onlyLocalCommands":false,"waitForCommand":false,"webscreenCloseOnAutoAppsCommand":false},"webscreenDialog":{"dimBackground":false,"hideDialogShadow":false},"webscreenDialogMode":"1","webscreenHtmlInject":{"webscreenReturnHtmlInjection":false},"webscreenSource":"/storage/emulated/0/gamicraft/modules/turnbase_pseudo-combat/app/index.html","webscreenWindow":{"dialogAnimation":"0","dialogGravity":"17","dialogHeight":"400","dialogUseFullHeight":false},"generatedValues":{"inputwebscreengeneratedassetBasePath":"%source_path","inputwebscreengeneratedautotoolsupdatewebscreenvariableaaaaasda":true,"inputwebscreengeneratedbattleState":"%battle_state"}}</parameters>
					<parameters-type>java.lang.String</parameters-type>
					<plugininstanceid>6f630a96-372c-4811-895e-2f9ca8ecd1a4</plugininstanceid>
					<plugininstanceid-type>java.lang.String</plugininstanceid-type>
					<plugintypeid>com.joaomgcd.autotools.intent.IntentWebScreen</plugintypeid>
					<plugintypeid-type>java.lang.String</plugintypeid-type>
				</Vals>
			</Bundle>
			<Str sr="arg1" ve="3">com.joaomgcd.autotools</Str>
			<Str sr="arg2" ve="3">com.joaomgcd.autotools.activity.ActivityConfigWebScreen</Str>
			<Int sr="arg3" val="30"/>
			<Int sr="arg4" val="1"/>
		</Action>
		<Action sr="act5" ve="7">
			<code>547</code>
			<Str sr="arg0" ve="3">%LOG</Str>
			<Str sr="arg1" ve="3">%battle_state.battleResultSummary</Str>
			<Int sr="arg2" val="0"/>
			<Int sr="arg3" val="0"/>
			<Int sr="arg4" val="0"/>
			<Int sr="arg5" val="3"/>
			<Int sr="arg6" val="1"/>
		</Action>
	</Task>
	<Task sr="task23">
		<cdate>1749848083177</cdate>
		<edate>1749848245862</edate>
		<id>23</id>
		<nme>TBC: Exercise Gain Stats</nme>
		<pri>100</pri>
		<Action sr="act0" ve="7">
			<code>417</code>
			<Str sr="arg0" ve="3">gamicraft/modules/turnbase_pseudo-combat/data/gamicraft_progression_data.json</Str>
			<Str sr="arg1" ve="3">%progression_data</Str>
			<Int sr="arg2" val="1"/>
		</Action>
		<Action sr="act1" ve="7">
			<code>547</code>
			<Str sr="arg0" ve="3">%exercise_id</Str>
			<Str sr="arg1" ve="3">push_up</Str>
			<Int sr="arg2" val="0"/>
			<Int sr="arg3" val="0"/>
			<Int sr="arg4" val="0"/>
			<Int sr="arg5" val="3"/>
			<Int sr="arg6" val="1"/>
		</Action>
		<Action sr="act2" ve="7">
			<code>547</code>
			<Str sr="arg0" ve="3">%amount</Str>
			<Str sr="arg1" ve="3">50</Str>
			<Int sr="arg2" val="0"/>
			<Int sr="arg3" val="0"/>
			<Int sr="arg4" val="0"/>
			<Int sr="arg5" val="3"/>
			<Int sr="arg6" val="1"/>
		</Action>
		<Action sr="act3" ve="7">
			<code>131</code>
			<Str sr="arg0" ve="3">gamicraft/modules/turnbase_pseudo-combat/data/script/process_exercise_progression.js</Str>
			<Str sr="arg1" ve="3"/>
			<Int sr="arg2" val="1"/>
			<Int sr="arg3" val="45"/>
		</Action>
		<Action sr="act4" ve="7">
			<code>547</code>
			<Str sr="arg0" ve="3">%LOGS</Str>
			<Str sr="arg1" ve="3">%new_progression_data</Str>
			<Int sr="arg2" val="0"/>
			<Int sr="arg3" val="0"/>
			<Int sr="arg4" val="0"/>
			<Int sr="arg5" val="3"/>
			<Int sr="arg6" val="1"/>
		</Action>
	</Task>
	<Task sr="task26">
		<cdate>1747331478051</cdate>
		<edate>1749848269469</edate>
		<id>26</id>
		<nme>TBC: Action Manager</nme>
		<pri>6</pri>
		<Action sr="act0" ve="7">
			<code>547</code>
			<Str sr="arg0" ve="3">%battle_state</Str>
			<Str sr="arg1" ve="3">%Battle_state</Str>
			<Int sr="arg2" val="0"/>
			<Int sr="arg3" val="0"/>
			<Int sr="arg4" val="0"/>
			<Int sr="arg5" val="3"/>
			<Int sr="arg6" val="1"/>
		</Action>
		<Action sr="act1" ve="7">
			<code>547</code>
			<Str sr="arg0" ve="3">%actor_id</Str>
			<Str sr="arg1" ve="3">%unit_data.actorId</Str>
			<Int sr="arg2" val="0"/>
			<Int sr="arg3" val="0"/>
			<Int sr="arg4" val="0"/>
			<Int sr="arg5" val="3"/>
			<Int sr="arg6" val="1"/>
		</Action>
		<Action sr="act10" ve="7">
			<code>30</code>
			<Int sr="arg0">
				<var>500</var>
			</Int>
			<Int sr="arg1" val="0"/>
			<Int sr="arg2" val="0"/>
			<Int sr="arg3" val="0"/>
			<Int sr="arg4" val="0"/>
		</Action>
		<Action sr="act11" ve="7">
			<code>38</code>
		</Action>
		<Action sr="act12" ve="7">
			<code>37</code>
			<coll>true</coll>
			<ConditionList sr="if">
				<Condition sr="c0" ve="3">
					<lhs>%action_type</lhs>
					<op>2</op>
					<rhs>PLAYER_BASIC_ATTACK</rhs>
				</Condition>
			</ConditionList>
		</Action>
		<Action sr="act13" ve="7">
			<code>131</code>
			<Str sr="arg0" ve="3">gamicraft/modules/turnbase_pseudo-combat/data/script/process_basic_attack.js</Str>
			<Str sr="arg1" ve="3"/>
			<Int sr="arg2" val="1"/>
			<Int sr="arg3" val="45"/>
		</Action>
		<Action sr="act14" ve="7">
			<code>1165325195</code>
			<Bundle sr="arg0">
				<Vals sr="val">
					<AlwaysRefreshPreset>false</AlwaysRefreshPreset>
					<AlwaysRefreshPreset-type>java.lang.Boolean</AlwaysRefreshPreset-type>
					<ScreenPreset>&lt;null&gt;</ScreenPreset>
					<ScreenPreset-type>java.lang.String</ScreenPreset-type>
					<com.twofortyfouram.locale.intent.extra.BLURB>Display Mode: Immersive
Source: /storage/emulated/0/gamicraft/modules/turnbase_pseudo-combat/app/index.html
Toast Duration: 5000
Height: 400
Gravity: Center
Animation: Slide In From Top
Show Duration: 500
Hide Duration: 250
Turn Screen On: true
Handle All Links: true
Update: true
Full Battle State JSON: %battle_state
Asset Base Path (from Tasker): /storage/emulated/0/gamicraft/modules/turnbase_pseudo-combat</com.twofortyfouram.locale.intent.extra.BLURB>
					<com.twofortyfouram.locale.intent.extra.BLURB-type>java.lang.String</com.twofortyfouram.locale.intent.extra.BLURB-type>
					<net.dinglisch.android.tasker.JSON_ENCODED_KEYS>parameters</net.dinglisch.android.tasker.JSON_ENCODED_KEYS>
					<net.dinglisch.android.tasker.JSON_ENCODED_KEYS-type>java.lang.String</net.dinglisch.android.tasker.JSON_ENCODED_KEYS-type>
					<net.dinglisch.android.tasker.RELEVANT_VARIABLES>&lt;StringArray sr=""&gt;&lt;_array_net.dinglisch.android.tasker.RELEVANT_VARIABLES0&gt;%err
Error Code
Only available if you select &amp;lt;b&amp;gt;Continue Task After Error&amp;lt;/b&amp;gt; and the action ends in error&lt;/_array_net.dinglisch.android.tasker.RELEVANT_VARIABLES0&gt;&lt;_array_net.dinglisch.android.tasker.RELEVANT_VARIABLES1&gt;%errmsg
Error Message
Only available if you select &amp;lt;b&amp;gt;Continue Task After Error&amp;lt;/b&amp;gt; and the action ends in error&lt;/_array_net.dinglisch.android.tasker.RELEVANT_VARIABLES1&gt;&lt;/StringArray&gt;</net.dinglisch.android.tasker.RELEVANT_VARIABLES>
					<net.dinglisch.android.tasker.RELEVANT_VARIABLES-type>[Ljava.lang.String;</net.dinglisch.android.tasker.RELEVANT_VARIABLES-type>
					<net.dinglisch.android.tasker.extras.VARIABLE_REPLACE_KEYS>parameters plugininstanceid plugintypeid </net.dinglisch.android.tasker.extras.VARIABLE_REPLACE_KEYS>
					<net.dinglisch.android.tasker.extras.VARIABLE_REPLACE_KEYS-type>java.lang.String</net.dinglisch.android.tasker.extras.VARIABLE_REPLACE_KEYS-type>
					<net.dinglisch.android.tasker.subbundled>true</net.dinglisch.android.tasker.subbundled>
					<net.dinglisch.android.tasker.subbundled-type>java.lang.Boolean</net.dinglisch.android.tasker.subbundled-type>
					<parameters>{"inputJavascriptInject":{"javascriptInjectBottom":""},"loadAllLinksInternally":true,"overlayToastDuration":"5000","webScreenOverlay":{"overlayHidDuration":"250","overlayReturnToOriginalPosition":false,"overlayShowDuration":"500","overlayTurnScreenOn":true},"webscreebKeepScreenOn":false,"webscreenColors":{},"webscreenCommands":{"continueOnError":false,"onlyLocalCommands":false,"waitForCommand":false,"webscreenCloseOnAutoAppsCommand":false},"webscreenDialog":{"dimBackground":false,"hideDialogShadow":false},"webscreenDialogMode":"1","webscreenHtmlInject":{"webscreenReturnHtmlInjection":false},"webscreenSource":"/storage/emulated/0/gamicraft/modules/turnbase_pseudo-combat/app/index.html","webscreenWindow":{"dialogAnimation":"0","dialogGravity":"17","dialogHeight":"400","dialogUseFullHeight":false},"generatedValues":{"inputwebscreengeneratedassetBasePath":"/storage/emulated/0/gamicraft/modules/turnbase_pseudo-combat","inputwebscreengeneratedautotoolsupdatewebscreenvariableaaaaasda":true,"inputwebscreengeneratedbattleState":"%battle_state"}}</parameters>
					<parameters-type>java.lang.String</parameters-type>
					<plugininstanceid>6f630a96-372c-4811-895e-2f9ca8ecd1a4</plugininstanceid>
					<plugininstanceid-type>java.lang.String</plugininstanceid-type>
					<plugintypeid>com.joaomgcd.autotools.intent.IntentWebScreen</plugintypeid>
					<plugintypeid-type>java.lang.String</plugintypeid-type>
				</Vals>
			</Bundle>
			<Str sr="arg1" ve="3">com.joaomgcd.autotools</Str>
			<Str sr="arg2" ve="3">com.joaomgcd.autotools.activity.ActivityConfigWebScreen</Str>
			<Int sr="arg3" val="30"/>
			<Int sr="arg4" val="1"/>
		</Action>
		<Action sr="act15" ve="7">
			<code>192</code>
			<Int sr="arg0" val="1"/>
			<Str sr="arg1" ve="3">sfx_hit_damage</Str>
			<Int sr="arg2" val="5"/>
		</Action>
		<Action sr="act16" ve="7">
			<code>30</code>
			<Int sr="arg0">
				<var>500</var>
			</Int>
			<Int sr="arg1" val="0"/>
			<Int sr="arg2" val="0"/>
			<Int sr="arg3" val="0"/>
			<Int sr="arg4" val="0"/>
		</Action>
		<Action sr="act17" ve="7">
			<code>38</code>
		</Action>
		<Action sr="act18" ve="7">
			<code>192</code>
			<Int sr="arg0" val="1"/>
			<Str sr="arg1" ve="3">sfx_unit_defeated</Str>
			<Int sr="arg2" val="5"/>
			<ConditionList sr="if">
				<Condition sr="c0" ve="3">
					<lhs>%was_target_eliminated</lhs>
					<op>2</op>
					<rhs>true</rhs>
				</Condition>
			</ConditionList>
		</Action>
		<Action sr="act19" ve="7">
			<code>30</code>
			<Int sr="arg0">
				<var>500</var>
			</Int>
			<Int sr="arg1" val="1"/>
			<Int sr="arg2" val="0"/>
			<Int sr="arg3" val="0"/>
			<Int sr="arg4" val="0"/>
			<ConditionList sr="if">
				<Condition sr="c0" ve="3">
					<lhs>%was_target_eliminated</lhs>
					<op>2</op>
					<rhs>true</rhs>
				</Condition>
			</ConditionList>
		</Action>
		<Action sr="act2" ve="7">
			<code>547</code>
			<Str sr="arg0" ve="3">%affected_target_ids</Str>
			<Str sr="arg1" ve="3">%unit_data.affectedTargetIds</Str>
			<Int sr="arg2" val="0"/>
			<Int sr="arg3" val="0"/>
			<Int sr="arg4" val="0"/>
			<Int sr="arg5" val="3"/>
			<Int sr="arg6" val="1"/>
		</Action>
		<Action sr="act20" ve="7">
			<code>131</code>
			<Str sr="arg0" ve="3">gamicraft/modules/turnbase_pseudo-combat/data/script/turn_manager.js</Str>
			<Str sr="arg1" ve="3"/>
			<Int sr="arg2" val="1"/>
			<Int sr="arg3" val="45"/>
		</Action>
		<Action sr="act21" ve="7">
			<code>1165325195</code>
			<Bundle sr="arg0">
				<Vals sr="val">
					<AlwaysRefreshPreset>false</AlwaysRefreshPreset>
					<AlwaysRefreshPreset-type>java.lang.Boolean</AlwaysRefreshPreset-type>
					<ScreenPreset>&lt;null&gt;</ScreenPreset>
					<ScreenPreset-type>java.lang.String</ScreenPreset-type>
					<com.twofortyfouram.locale.intent.extra.BLURB>Display Mode: Immersive
Source: /storage/emulated/0/gamicraft/modules/turnbase_pseudo-combat/app/index.html
Toast Duration: 5000
Height: 400
Gravity: Center
Animation: Slide In From Top
Show Duration: 500
Hide Duration: 250
Turn Screen On: true
Handle All Links: true
Update: true
Full Battle State JSON: %battle_state
Asset Base Path (from Tasker): /storage/emulated/0/gamicraft/modules/turnbase_pseudo-combat</com.twofortyfouram.locale.intent.extra.BLURB>
					<com.twofortyfouram.locale.intent.extra.BLURB-type>java.lang.String</com.twofortyfouram.locale.intent.extra.BLURB-type>
					<net.dinglisch.android.tasker.JSON_ENCODED_KEYS>parameters</net.dinglisch.android.tasker.JSON_ENCODED_KEYS>
					<net.dinglisch.android.tasker.JSON_ENCODED_KEYS-type>java.lang.String</net.dinglisch.android.tasker.JSON_ENCODED_KEYS-type>
					<net.dinglisch.android.tasker.RELEVANT_VARIABLES>&lt;StringArray sr=""&gt;&lt;_array_net.dinglisch.android.tasker.RELEVANT_VARIABLES0&gt;%err
Error Code
Only available if you select &amp;lt;b&amp;gt;Continue Task After Error&amp;lt;/b&amp;gt; and the action ends in error&lt;/_array_net.dinglisch.android.tasker.RELEVANT_VARIABLES0&gt;&lt;_array_net.dinglisch.android.tasker.RELEVANT_VARIABLES1&gt;%errmsg
Error Message
Only available if you select &amp;lt;b&amp;gt;Continue Task After Error&amp;lt;/b&amp;gt; and the action ends in error&lt;/_array_net.dinglisch.android.tasker.RELEVANT_VARIABLES1&gt;&lt;/StringArray&gt;</net.dinglisch.android.tasker.RELEVANT_VARIABLES>
					<net.dinglisch.android.tasker.RELEVANT_VARIABLES-type>[Ljava.lang.String;</net.dinglisch.android.tasker.RELEVANT_VARIABLES-type>
					<net.dinglisch.android.tasker.extras.VARIABLE_REPLACE_KEYS>parameters plugininstanceid plugintypeid </net.dinglisch.android.tasker.extras.VARIABLE_REPLACE_KEYS>
					<net.dinglisch.android.tasker.extras.VARIABLE_REPLACE_KEYS-type>java.lang.String</net.dinglisch.android.tasker.extras.VARIABLE_REPLACE_KEYS-type>
					<net.dinglisch.android.tasker.subbundled>true</net.dinglisch.android.tasker.subbundled>
					<net.dinglisch.android.tasker.subbundled-type>java.lang.Boolean</net.dinglisch.android.tasker.subbundled-type>
					<parameters>{"inputJavascriptInject":{"javascriptInjectBottom":""},"loadAllLinksInternally":true,"overlayToastDuration":"5000","webScreenOverlay":{"overlayHidDuration":"250","overlayReturnToOriginalPosition":false,"overlayShowDuration":"500","overlayTurnScreenOn":true},"webscreebKeepScreenOn":false,"webscreenColors":{},"webscreenCommands":{"continueOnError":false,"onlyLocalCommands":false,"waitForCommand":false,"webscreenCloseOnAutoAppsCommand":false},"webscreenDialog":{"dimBackground":false,"hideDialogShadow":false},"webscreenDialogMode":"1","webscreenHtmlInject":{"webscreenReturnHtmlInjection":false},"webscreenSource":"/storage/emulated/0/gamicraft/modules/turnbase_pseudo-combat/app/index.html","webscreenWindow":{"dialogAnimation":"0","dialogGravity":"17","dialogHeight":"400","dialogUseFullHeight":false},"generatedValues":{"inputwebscreengeneratedassetBasePath":"/storage/emulated/0/gamicraft/modules/turnbase_pseudo-combat","inputwebscreengeneratedautotoolsupdatewebscreenvariableaaaaasda":true,"inputwebscreengeneratedbattleState":"%battle_state"}}</parameters>
					<parameters-type>java.lang.String</parameters-type>
					<plugininstanceid>6f630a96-372c-4811-895e-2f9ca8ecd1a4</plugininstanceid>
					<plugininstanceid-type>java.lang.String</plugininstanceid-type>
					<plugintypeid>com.joaomgcd.autotools.intent.IntentWebScreen</plugintypeid>
					<plugintypeid-type>java.lang.String</plugintypeid-type>
				</Vals>
			</Bundle>
			<Str sr="arg1" ve="3">com.joaomgcd.autotools</Str>
			<Str sr="arg2" ve="3">com.joaomgcd.autotools.activity.ActivityConfigWebScreen</Str>
			<Int sr="arg3" val="30"/>
			<Int sr="arg4" val="1"/>
			<ConditionList sr="if">
				<Condition sr="c0" ve="3">
					<lhs>%battle_state.battleState</lhs>
					<op>2</op>
					<rhs>Ongoing</rhs>
				</Condition>
			</ConditionList>
		</Action>
		<Action sr="act22" ve="7">
			<code>30</code>
			<Int sr="arg0" val="0"/>
			<Int sr="arg1" val="1"/>
			<Int sr="arg2" val="0"/>
			<Int sr="arg3" val="0"/>
			<Int sr="arg4" val="0"/>
			<ConditionList sr="if">
				<Condition sr="c0" ve="3">
					<lhs>%battle_state.activeUnitType</lhs>
					<op>2</op>
					<rhs>Enemy</rhs>
				</Condition>
			</ConditionList>
		</Action>
		<Action sr="act23" ve="7">
			<code>38</code>
		</Action>
		<Action sr="act24" ve="7">
			<code>37</code>
			<coll>true</coll>
			<ConditionList sr="if">
				<Condition sr="c0" ve="3">
					<lhs>%battle_state.activeUnitType</lhs>
					<op>2</op>
					<rhs>Enemy</rhs>
				</Condition>
			</ConditionList>
		</Action>
		<Action sr="act25" ve="7">
			<code>131</code>
			<label>Loop</label>
			<Str sr="arg0" ve="3">gamicraft/modules/turnbase_pseudo-combat/data/script/enemy_action_processor.js</Str>
			<Str sr="arg1" ve="3"/>
			<Int sr="arg2" val="1"/>
			<Int sr="arg3" val="45"/>
		</Action>
		<Action sr="act26" ve="7">
			<code>1165325195</code>
			<label>Display Enemy Action</label>
			<Bundle sr="arg0">
				<Vals sr="val">
					<AlwaysRefreshPreset>false</AlwaysRefreshPreset>
					<AlwaysRefreshPreset-type>java.lang.Boolean</AlwaysRefreshPreset-type>
					<ScreenPreset>&lt;null&gt;</ScreenPreset>
					<ScreenPreset-type>java.lang.String</ScreenPreset-type>
					<com.twofortyfouram.locale.intent.extra.BLURB>Display Mode: Immersive
Source: /storage/emulated/0/gamicraft/modules/turnbase_pseudo-combat/app/index.html
Toast Duration: 5000
Height: 400
Gravity: Center
Animation: Slide In From Top
Show Duration: 500
Hide Duration: 250
Turn Screen On: true
Handle All Links: true
Update: true
Full Battle State JSON: %battle_state
Asset Base Path (from Tasker): /storage/emulated/0/gamicraft/modules/turnbase_pseudo-combat</com.twofortyfouram.locale.intent.extra.BLURB>
					<com.twofortyfouram.locale.intent.extra.BLURB-type>java.lang.String</com.twofortyfouram.locale.intent.extra.BLURB-type>
					<net.dinglisch.android.tasker.JSON_ENCODED_KEYS>parameters</net.dinglisch.android.tasker.JSON_ENCODED_KEYS>
					<net.dinglisch.android.tasker.JSON_ENCODED_KEYS-type>java.lang.String</net.dinglisch.android.tasker.JSON_ENCODED_KEYS-type>
					<net.dinglisch.android.tasker.RELEVANT_VARIABLES>&lt;StringArray sr=""&gt;&lt;_array_net.dinglisch.android.tasker.RELEVANT_VARIABLES0&gt;%err
Error Code
Only available if you select &amp;lt;b&amp;gt;Continue Task After Error&amp;lt;/b&amp;gt; and the action ends in error&lt;/_array_net.dinglisch.android.tasker.RELEVANT_VARIABLES0&gt;&lt;_array_net.dinglisch.android.tasker.RELEVANT_VARIABLES1&gt;%errmsg
Error Message
Only available if you select &amp;lt;b&amp;gt;Continue Task After Error&amp;lt;/b&amp;gt; and the action ends in error&lt;/_array_net.dinglisch.android.tasker.RELEVANT_VARIABLES1&gt;&lt;/StringArray&gt;</net.dinglisch.android.tasker.RELEVANT_VARIABLES>
					<net.dinglisch.android.tasker.RELEVANT_VARIABLES-type>[Ljava.lang.String;</net.dinglisch.android.tasker.RELEVANT_VARIABLES-type>
					<net.dinglisch.android.tasker.extras.VARIABLE_REPLACE_KEYS>parameters plugininstanceid plugintypeid </net.dinglisch.android.tasker.extras.VARIABLE_REPLACE_KEYS>
					<net.dinglisch.android.tasker.extras.VARIABLE_REPLACE_KEYS-type>java.lang.String</net.dinglisch.android.tasker.extras.VARIABLE_REPLACE_KEYS-type>
					<net.dinglisch.android.tasker.subbundled>true</net.dinglisch.android.tasker.subbundled>
					<net.dinglisch.android.tasker.subbundled-type>java.lang.Boolean</net.dinglisch.android.tasker.subbundled-type>
					<parameters>{"inputJavascriptInject":{"javascriptInjectBottom":""},"loadAllLinksInternally":true,"overlayToastDuration":"5000","webScreenOverlay":{"overlayHidDuration":"250","overlayReturnToOriginalPosition":false,"overlayShowDuration":"500","overlayTurnScreenOn":true},"webscreebKeepScreenOn":false,"webscreenColors":{},"webscreenCommands":{"continueOnError":false,"onlyLocalCommands":false,"waitForCommand":false,"webscreenCloseOnAutoAppsCommand":false},"webscreenDialog":{"dimBackground":false,"hideDialogShadow":false},"webscreenDialogMode":"1","webscreenHtmlInject":{"webscreenReturnHtmlInjection":false},"webscreenSource":"/storage/emulated/0/gamicraft/modules/turnbase_pseudo-combat/app/index.html","webscreenWindow":{"dialogAnimation":"0","dialogGravity":"17","dialogHeight":"400","dialogUseFullHeight":false},"generatedValues":{"inputwebscreengeneratedassetBasePath":"/storage/emulated/0/gamicraft/modules/turnbase_pseudo-combat","inputwebscreengeneratedautotoolsupdatewebscreenvariableaaaaasda":true,"inputwebscreengeneratedbattleState":"%battle_state"}}</parameters>
					<parameters-type>java.lang.String</parameters-type>
					<plugininstanceid>6f630a96-372c-4811-895e-2f9ca8ecd1a4</plugininstanceid>
					<plugininstanceid-type>java.lang.String</plugininstanceid-type>
					<plugintypeid>com.joaomgcd.autotools.intent.IntentWebScreen</plugintypeid>
					<plugintypeid-type>java.lang.String</plugintypeid-type>
				</Vals>
			</Bundle>
			<Str sr="arg1" ve="3">com.joaomgcd.autotools</Str>
			<Str sr="arg2" ve="3">com.joaomgcd.autotools.activity.ActivityConfigWebScreen</Str>
			<Int sr="arg3" val="30"/>
			<Int sr="arg4" val="1"/>
		</Action>
		<Action sr="act27" ve="7">
			<code>192</code>
			<Int sr="arg0" val="1"/>
			<Str sr="arg1" ve="3">sfx_hit_damage</Str>
			<Int sr="arg2" val="5"/>
			<ConditionList sr="if">
				<Condition sr="c0" ve="3">
					<lhs>%battle_state.lastActionDetails.actionOutcome</lhs>
					<op>3</op>
					<rhs>NO_TARGET_IN_RANGE</rhs>
				</Condition>
			</ConditionList>
		</Action>
		<Action sr="act28" ve="7">
			<code>192</code>
			<Int sr="arg0" val="1"/>
			<Str sr="arg1" ve="3">sfx_no_target</Str>
			<Int sr="arg2" val="5"/>
			<ConditionList sr="if">
				<Condition sr="c0" ve="3">
					<lhs>%battle_state.lastActionDetails.actionOutcome</lhs>
					<op>2</op>
					<rhs>NO_TARGET_IN_RANGE</rhs>
				</Condition>
			</ConditionList>
		</Action>
		<Action sr="act29" ve="7">
			<code>30</code>
			<Int sr="arg0" val="0"/>
			<Int sr="arg1" val="1"/>
			<Int sr="arg2" val="0"/>
			<Int sr="arg3" val="0"/>
			<Int sr="arg4" val="0"/>
		</Action>
		<Action sr="act3" ve="7">
			<code>547</code>
			<Str sr="arg0" ve="3">%target_id</Str>
			<Str sr="arg1" ve="3">%unit_data.targetId</Str>
			<Int sr="arg2" val="0"/>
			<Int sr="arg3" val="0"/>
			<Int sr="arg4" val="0"/>
			<Int sr="arg5" val="3"/>
			<Int sr="arg6" val="1"/>
		</Action>
		<Action sr="act30" ve="7">
			<code>192</code>
			<Int sr="arg0" val="1"/>
			<Str sr="arg1" ve="3">sfx_unit_defeated</Str>
			<Int sr="arg2" val="5"/>
			<ConditionList sr="if">
				<Condition sr="c0" ve="3">
					<lhs>%was_target_eliminated</lhs>
					<op>2</op>
					<rhs>true</rhs>
				</Condition>
			</ConditionList>
		</Action>
		<Action sr="act31" ve="7">
			<code>30</code>
			<Int sr="arg0">
				<var>500</var>
			</Int>
			<Int sr="arg1" val="1"/>
			<Int sr="arg2" val="0"/>
			<Int sr="arg3" val="0"/>
			<Int sr="arg4" val="0"/>
			<ConditionList sr="if">
				<Condition sr="c0" ve="3">
					<lhs>%was_target_eliminated</lhs>
					<op>2</op>
					<rhs>true</rhs>
				</Condition>
			</ConditionList>
		</Action>
		<Action sr="act32" ve="7">
			<code>131</code>
			<Str sr="arg0" ve="3">gamicraft/modules/turnbase_pseudo-combat/data/script/turn_manager.js</Str>
			<Str sr="arg1" ve="3"/>
			<Int sr="arg2" val="1"/>
			<Int sr="arg3" val="45"/>
		</Action>
		<Action sr="act33" ve="7">
			<code>1165325195</code>
			<label>Display Next Turn State</label>
			<Bundle sr="arg0">
				<Vals sr="val">
					<AlwaysRefreshPreset>false</AlwaysRefreshPreset>
					<AlwaysRefreshPreset-type>java.lang.Boolean</AlwaysRefreshPreset-type>
					<ScreenPreset>&lt;null&gt;</ScreenPreset>
					<ScreenPreset-type>java.lang.String</ScreenPreset-type>
					<com.twofortyfouram.locale.intent.extra.BLURB>Display Mode: Immersive
Source: /storage/emulated/0/gamicraft/modules/turnbase_pseudo-combat/app/index.html
Toast Duration: 5000
Height: 400
Gravity: Center
Animation: Slide In From Top
Show Duration: 500
Hide Duration: 250
Turn Screen On: true
Handle All Links: true
Update: true
Full Battle State JSON: %battle_state
Asset Base Path (from Tasker): /storage/emulated/0/gamicraft/modules/turnbase_pseudo-combat</com.twofortyfouram.locale.intent.extra.BLURB>
					<com.twofortyfouram.locale.intent.extra.BLURB-type>java.lang.String</com.twofortyfouram.locale.intent.extra.BLURB-type>
					<net.dinglisch.android.tasker.JSON_ENCODED_KEYS>parameters</net.dinglisch.android.tasker.JSON_ENCODED_KEYS>
					<net.dinglisch.android.tasker.JSON_ENCODED_KEYS-type>java.lang.String</net.dinglisch.android.tasker.JSON_ENCODED_KEYS-type>
					<net.dinglisch.android.tasker.RELEVANT_VARIABLES>&lt;StringArray sr=""&gt;&lt;_array_net.dinglisch.android.tasker.RELEVANT_VARIABLES0&gt;%err
Error Code
Only available if you select &amp;lt;b&amp;gt;Continue Task After Error&amp;lt;/b&amp;gt; and the action ends in error&lt;/_array_net.dinglisch.android.tasker.RELEVANT_VARIABLES0&gt;&lt;_array_net.dinglisch.android.tasker.RELEVANT_VARIABLES1&gt;%errmsg
Error Message
Only available if you select &amp;lt;b&amp;gt;Continue Task After Error&amp;lt;/b&amp;gt; and the action ends in error&lt;/_array_net.dinglisch.android.tasker.RELEVANT_VARIABLES1&gt;&lt;/StringArray&gt;</net.dinglisch.android.tasker.RELEVANT_VARIABLES>
					<net.dinglisch.android.tasker.RELEVANT_VARIABLES-type>[Ljava.lang.String;</net.dinglisch.android.tasker.RELEVANT_VARIABLES-type>
					<net.dinglisch.android.tasker.extras.VARIABLE_REPLACE_KEYS>parameters plugininstanceid plugintypeid </net.dinglisch.android.tasker.extras.VARIABLE_REPLACE_KEYS>
					<net.dinglisch.android.tasker.extras.VARIABLE_REPLACE_KEYS-type>java.lang.String</net.dinglisch.android.tasker.extras.VARIABLE_REPLACE_KEYS-type>
					<net.dinglisch.android.tasker.subbundled>true</net.dinglisch.android.tasker.subbundled>
					<net.dinglisch.android.tasker.subbundled-type>java.lang.Boolean</net.dinglisch.android.tasker.subbundled-type>
					<parameters>{"inputJavascriptInject":{"javascriptInjectBottom":""},"loadAllLinksInternally":true,"overlayToastDuration":"5000","webScreenOverlay":{"overlayHidDuration":"250","overlayReturnToOriginalPosition":false,"overlayShowDuration":"500","overlayTurnScreenOn":true},"webscreebKeepScreenOn":false,"webscreenColors":{},"webscreenCommands":{"continueOnError":false,"onlyLocalCommands":false,"waitForCommand":false,"webscreenCloseOnAutoAppsCommand":false},"webscreenDialog":{"dimBackground":false,"hideDialogShadow":false},"webscreenDialogMode":"1","webscreenHtmlInject":{"webscreenReturnHtmlInjection":false},"webscreenSource":"/storage/emulated/0/gamicraft/modules/turnbase_pseudo-combat/app/index.html","webscreenWindow":{"dialogAnimation":"0","dialogGravity":"17","dialogHeight":"400","dialogUseFullHeight":false},"generatedValues":{"inputwebscreengeneratedassetBasePath":"/storage/emulated/0/gamicraft/modules/turnbase_pseudo-combat","inputwebscreengeneratedautotoolsupdatewebscreenvariableaaaaasda":true,"inputwebscreengeneratedbattleState":"%battle_state"}}</parameters>
					<parameters-type>java.lang.String</parameters-type>
					<plugininstanceid>6f630a96-372c-4811-895e-2f9ca8ecd1a4</plugininstanceid>
					<plugininstanceid-type>java.lang.String</plugininstanceid-type>
					<plugintypeid>com.joaomgcd.autotools.intent.IntentWebScreen</plugintypeid>
					<plugintypeid-type>java.lang.String</plugintypeid-type>
				</Vals>
			</Bundle>
			<Str sr="arg1" ve="3">com.joaomgcd.autotools</Str>
			<Str sr="arg2" ve="3">com.joaomgcd.autotools.activity.ActivityConfigWebScreen</Str>
			<Int sr="arg3" val="30"/>
			<Int sr="arg4" val="1"/>
		</Action>
		<Action sr="act34" ve="7">
			<code>135</code>
			<Int sr="arg0" val="1"/>
			<Int sr="arg1" val="1"/>
			<Str sr="arg2" ve="3">Loop</Str>
			<ConditionList sr="if">
				<bool0>And</bool0>
				<Condition sr="c0" ve="3">
					<lhs>%battle_state.activeUnitType</lhs>
					<op>2</op>
					<rhs>Enemy</rhs>
				</Condition>
				<Condition sr="c1" ve="3">
					<lhs>%battle_state.battleState</lhs>
					<op>2</op>
					<rhs>Ongoing</rhs>
				</Condition>
			</ConditionList>
		</Action>
		<Action sr="act35" ve="7">
			<code>38</code>
		</Action>
		<Action sr="act36" ve="7">
			<code>37</code>
			<coll>true</coll>
			<label>Process Battle Results</label>
			<ConditionList sr="if">
				<bool0>Or</bool0>
				<Condition sr="c0" ve="3">
					<lhs>%battle_state.battleState</lhs>
					<op>2</op>
					<rhs>Win</rhs>
				</Condition>
				<Condition sr="c1" ve="3">
					<lhs>%battle_state.battleState</lhs>
					<op>2</op>
					<rhs>Lose</rhs>
				</Condition>
			</ConditionList>
		</Action>
		<Action sr="act37" ve="7">
			<code>547</code>
			<Str sr="arg0" ve="3">%battle_outcome</Str>
			<Str sr="arg1" ve="3">%battle_state.battleState</Str>
			<Int sr="arg2" val="0"/>
			<Int sr="arg3" val="0"/>
			<Int sr="arg4" val="0"/>
			<Int sr="arg5" val="3"/>
			<Int sr="arg6" val="1"/>
		</Action>
		<Action sr="act38" ve="7">
			<code>547</code>
			<Str sr="arg0" ve="3">%defeated_enemies_json</Str>
			<Str sr="arg1" ve="3">%battle_state._defeatedEnemiesThisBattle</Str>
			<Int sr="arg2" val="0"/>
			<Int sr="arg3" val="0"/>
			<Int sr="arg4" val="0"/>
			<Int sr="arg5" val="3"/>
			<Int sr="arg6" val="1"/>
		</Action>
		<Action sr="act39" ve="7">
			<code>130</code>
			<Str sr="arg0" ve="3">TBC: Process Battle Result</Str>
			<Int sr="arg1">
				<var>%priority</var>
			</Int>
			<Int sr="arg10" val="1"/>
			<Str sr="arg2" ve="3"/>
			<Str sr="arg3" ve="3"/>
			<Str sr="arg4" ve="3"/>
			<Int sr="arg5" val="0"/>
			<Int sr="arg6" val="1"/>
			<Str sr="arg7" ve="3"/>
			<Int sr="arg8" val="0"/>
			<Int sr="arg9" val="0"/>
		</Action>
		<Action sr="act4" ve="7">
			<code>547</code>
			<Str sr="arg0" ve="3">%command_id</Str>
			<Str sr="arg1" ve="3">%unit_data.commandId</Str>
			<Int sr="arg2" val="0"/>
			<Int sr="arg3" val="0"/>
			<Int sr="arg4" val="0"/>
			<Int sr="arg5" val="3"/>
			<Int sr="arg6" val="1"/>
		</Action>
		<Action sr="act40" ve="7">
			<code>38</code>
		</Action>
		<Action sr="act41" ve="7">
			<code>547</code>
			<Str sr="arg0" ve="3">%Battle_state</Str>
			<Str sr="arg1" ve="3">%battle_state</Str>
			<Int sr="arg2" val="0"/>
			<Int sr="arg3" val="0"/>
			<Int sr="arg4" val="0"/>
			<Int sr="arg5" val="3"/>
			<Int sr="arg6" val="1"/>
		</Action>
		<Action sr="act5" ve="7">
			<code>37</code>
			<coll>false</coll>
			<ConditionList sr="if">
				<Condition sr="c0" ve="3">
					<lhs>%battle_state.activeUnitType</lhs>
					<op>2</op>
					<rhs>Ally</rhs>
				</Condition>
			</ConditionList>
		</Action>
		<Action sr="act6" ve="7">
			<code>37</code>
			<coll>true</coll>
			<ConditionList sr="if">
				<Condition sr="c0" ve="3">
					<lhs>%action_type</lhs>
					<op>2</op>
					<rhs>PLAYER_ACTION</rhs>
				</Condition>
			</ConditionList>
		</Action>
		<Action sr="act7" ve="7">
			<code>131</code>
			<Str sr="arg0" ve="3">gamicraft/modules/turnbase_pseudo-combat/data/script/process_skill.js</Str>
			<Str sr="arg1" ve="3"/>
			<Int sr="arg2" val="1"/>
			<Int sr="arg3" val="45"/>
		</Action>
		<Action sr="act8" ve="7">
			<code>1165325195</code>
			<Bundle sr="arg0">
				<Vals sr="val">
					<AlwaysRefreshPreset>false</AlwaysRefreshPreset>
					<AlwaysRefreshPreset-type>java.lang.Boolean</AlwaysRefreshPreset-type>
					<ScreenPreset>&lt;null&gt;</ScreenPreset>
					<ScreenPreset-type>java.lang.String</ScreenPreset-type>
					<com.twofortyfouram.locale.intent.extra.BLURB>Display Mode: Immersive
Source: /storage/emulated/0/gamicraft/modules/turnbase_pseudo-combat/app/index.html
Toast Duration: 5000
Height: 400
Gravity: Center
Animation: Slide In From Top
Show Duration: 500
Hide Duration: 250
Turn Screen On: true
Handle All Links: true
Update: true
Full Battle State JSON: %battle_state
Asset Base Path (from Tasker): /storage/emulated/0/gamicraft/modules/turnbase_pseudo-combat</com.twofortyfouram.locale.intent.extra.BLURB>
					<com.twofortyfouram.locale.intent.extra.BLURB-type>java.lang.String</com.twofortyfouram.locale.intent.extra.BLURB-type>
					<net.dinglisch.android.tasker.JSON_ENCODED_KEYS>parameters</net.dinglisch.android.tasker.JSON_ENCODED_KEYS>
					<net.dinglisch.android.tasker.JSON_ENCODED_KEYS-type>java.lang.String</net.dinglisch.android.tasker.JSON_ENCODED_KEYS-type>
					<net.dinglisch.android.tasker.RELEVANT_VARIABLES>&lt;StringArray sr=""&gt;&lt;_array_net.dinglisch.android.tasker.RELEVANT_VARIABLES0&gt;%err
Error Code
Only available if you select &amp;lt;b&amp;gt;Continue Task After Error&amp;lt;/b&amp;gt; and the action ends in error&lt;/_array_net.dinglisch.android.tasker.RELEVANT_VARIABLES0&gt;&lt;_array_net.dinglisch.android.tasker.RELEVANT_VARIABLES1&gt;%errmsg
Error Message
Only available if you select &amp;lt;b&amp;gt;Continue Task After Error&amp;lt;/b&amp;gt; and the action ends in error&lt;/_array_net.dinglisch.android.tasker.RELEVANT_VARIABLES1&gt;&lt;/StringArray&gt;</net.dinglisch.android.tasker.RELEVANT_VARIABLES>
					<net.dinglisch.android.tasker.RELEVANT_VARIABLES-type>[Ljava.lang.String;</net.dinglisch.android.tasker.RELEVANT_VARIABLES-type>
					<net.dinglisch.android.tasker.extras.VARIABLE_REPLACE_KEYS>parameters plugininstanceid plugintypeid </net.dinglisch.android.tasker.extras.VARIABLE_REPLACE_KEYS>
					<net.dinglisch.android.tasker.extras.VARIABLE_REPLACE_KEYS-type>java.lang.String</net.dinglisch.android.tasker.extras.VARIABLE_REPLACE_KEYS-type>
					<net.dinglisch.android.tasker.subbundled>true</net.dinglisch.android.tasker.subbundled>
					<net.dinglisch.android.tasker.subbundled-type>java.lang.Boolean</net.dinglisch.android.tasker.subbundled-type>
					<parameters>{"inputJavascriptInject":{"javascriptInjectBottom":""},"loadAllLinksInternally":true,"overlayToastDuration":"5000","webScreenOverlay":{"overlayHidDuration":"250","overlayReturnToOriginalPosition":false,"overlayShowDuration":"500","overlayTurnScreenOn":true},"webscreebKeepScreenOn":false,"webscreenColors":{},"webscreenCommands":{"continueOnError":false,"onlyLocalCommands":false,"waitForCommand":false,"webscreenCloseOnAutoAppsCommand":false},"webscreenDialog":{"dimBackground":false,"hideDialogShadow":false},"webscreenDialogMode":"1","webscreenHtmlInject":{"webscreenReturnHtmlInjection":false},"webscreenSource":"/storage/emulated/0/gamicraft/modules/turnbase_pseudo-combat/app/index.html","webscreenWindow":{"dialogAnimation":"0","dialogGravity":"17","dialogHeight":"400","dialogUseFullHeight":false},"generatedValues":{"inputwebscreengeneratedassetBasePath":"/storage/emulated/0/gamicraft/modules/turnbase_pseudo-combat","inputwebscreengeneratedautotoolsupdatewebscreenvariableaaaaasda":true,"inputwebscreengeneratedbattleState":"%battle_state"}}</parameters>
					<parameters-type>java.lang.String</parameters-type>
					<plugininstanceid>6f630a96-372c-4811-895e-2f9ca8ecd1a4</plugininstanceid>
					<plugininstanceid-type>java.lang.String</plugininstanceid-type>
					<plugintypeid>com.joaomgcd.autotools.intent.IntentWebScreen</plugintypeid>
					<plugintypeid-type>java.lang.String</plugintypeid-type>
				</Vals>
			</Bundle>
			<Str sr="arg1" ve="3">com.joaomgcd.autotools</Str>
			<Str sr="arg2" ve="3">com.joaomgcd.autotools.activity.ActivityConfigWebScreen</Str>
			<Int sr="arg3" val="30"/>
			<Int sr="arg4" val="1"/>
		</Action>
		<Action sr="act9" ve="7">
			<code>445</code>
			<se>false</se>
			<Str sr="arg0" ve="3">gamicraft/modules/turnbase_pseudo-combat/data/sound/%skills_sfx</Str>
			<Int sr="arg1" val="0"/>
			<Int sr="arg2" val="0"/>
			<Int sr="arg3" val="5"/>
			<Int sr="arg4" val="1"/>
		</Action>
	</Task>
	<Task sr="task27">
		<cdate>1747483621007</cdate>
		<edate>1749848260501</edate>
		<id>27</id>
		<nme>TBC: Launch</nme>
		<pri>100</pri>
		<Action sr="act0" ve="7">
			<code>547</code>
			<Str sr="arg0" ve="3">%source_path</Str>
			<Str sr="arg1" ve="3">/storage/emulated/0/gamicraft/modules/turnbase_pseudo-combat/</Str>
			<Int sr="arg2" val="0"/>
			<Int sr="arg3" val="0"/>
			<Int sr="arg4" val="0"/>
			<Int sr="arg5" val="3"/>
			<Int sr="arg6" val="1"/>
		</Action>
		<Action sr="act1" ve="7">
			<code>417</code>
			<Str sr="arg0" ve="3">gamicraft/modules/turnbase_pseudo-combat/data/battle_state_demo.json</Str>
			<Str sr="arg1" ve="3">%battle_state</Str>
			<Int sr="arg2" val="1"/>
		</Action>
		<Action sr="act2" ve="7">
			<code>417</code>
			<Str sr="arg0" ve="3">gamicraft/modules/turnbase_pseudo-combat/data/gamicraft_progression_data.json</Str>
			<Str sr="arg1" ve="3">%progression_data</Str>
			<Int sr="arg2" val="1"/>
		</Action>
		<Action sr="act3" ve="7">
			<code>131</code>
			<Str sr="arg0" ve="3">gamicraft/modules/turnbase_pseudo-combat/data/script/initiate_battle.js</Str>
			<Str sr="arg1" ve="3"/>
			<Int sr="arg2" val="1"/>
			<Int sr="arg3" val="45"/>
		</Action>
		<Action sr="act4" ve="7">
			<code>1165325195</code>
			<Bundle sr="arg0">
				<Vals sr="val">
					<AlwaysRefreshPreset>false</AlwaysRefreshPreset>
					<AlwaysRefreshPreset-type>java.lang.Boolean</AlwaysRefreshPreset-type>
					<ScreenPreset>&lt;null&gt;</ScreenPreset>
					<ScreenPreset-type>java.lang.String</ScreenPreset-type>
					<com.twofortyfouram.locale.intent.extra.BLURB>Display Mode: Immersive
Source: /storage/emulated/0/gamicraft/modules/turnbase_pseudo-combat/app/index.html
Toast Duration: 5000
Height: 400
Gravity: Center
Animation: Slide In From Top
Show Duration: 500
Hide Duration: 250
Turn Screen On: true
Handle All Links: true
Update: true
Full Battle State JSON: %battle_state
Asset Base Path (from Tasker): %source_path</com.twofortyfouram.locale.intent.extra.BLURB>
					<com.twofortyfouram.locale.intent.extra.BLURB-type>java.lang.String</com.twofortyfouram.locale.intent.extra.BLURB-type>
					<net.dinglisch.android.tasker.JSON_ENCODED_KEYS>parameters</net.dinglisch.android.tasker.JSON_ENCODED_KEYS>
					<net.dinglisch.android.tasker.JSON_ENCODED_KEYS-type>java.lang.String</net.dinglisch.android.tasker.JSON_ENCODED_KEYS-type>
					<net.dinglisch.android.tasker.RELEVANT_VARIABLES>&lt;StringArray sr=""&gt;&lt;_array_net.dinglisch.android.tasker.RELEVANT_VARIABLES0&gt;%err
Error Code
Only available if you select &amp;lt;b&amp;gt;Continue Task After Error&amp;lt;/b&amp;gt; and the action ends in error&lt;/_array_net.dinglisch.android.tasker.RELEVANT_VARIABLES0&gt;&lt;_array_net.dinglisch.android.tasker.RELEVANT_VARIABLES1&gt;%errmsg
Error Message
Only available if you select &amp;lt;b&amp;gt;Continue Task After Error&amp;lt;/b&amp;gt; and the action ends in error&lt;/_array_net.dinglisch.android.tasker.RELEVANT_VARIABLES1&gt;&lt;/StringArray&gt;</net.dinglisch.android.tasker.RELEVANT_VARIABLES>
					<net.dinglisch.android.tasker.RELEVANT_VARIABLES-type>[Ljava.lang.String;</net.dinglisch.android.tasker.RELEVANT_VARIABLES-type>
					<net.dinglisch.android.tasker.extras.VARIABLE_REPLACE_KEYS>parameters plugininstanceid plugintypeid </net.dinglisch.android.tasker.extras.VARIABLE_REPLACE_KEYS>
					<net.dinglisch.android.tasker.extras.VARIABLE_REPLACE_KEYS-type>java.lang.String</net.dinglisch.android.tasker.extras.VARIABLE_REPLACE_KEYS-type>
					<net.dinglisch.android.tasker.subbundled>true</net.dinglisch.android.tasker.subbundled>
					<net.dinglisch.android.tasker.subbundled-type>java.lang.Boolean</net.dinglisch.android.tasker.subbundled-type>
					<parameters>{"inputJavascriptInject":{"javascriptInjectBottom":""},"loadAllLinksInternally":true,"overlayToastDuration":"5000","webScreenOverlay":{"overlayHidDuration":"250","overlayReturnToOriginalPosition":false,"overlayShowDuration":"500","overlayTurnScreenOn":true},"webscreebKeepScreenOn":false,"webscreenColors":{},"webscreenCommands":{"continueOnError":false,"onlyLocalCommands":false,"waitForCommand":false,"webscreenCloseOnAutoAppsCommand":false},"webscreenDialog":{"dimBackground":false,"hideDialogShadow":false},"webscreenDialogMode":"1","webscreenHtmlInject":{"webscreenReturnHtmlInjection":false},"webscreenSource":"/storage/emulated/0/gamicraft/modules/turnbase_pseudo-combat/app/index.html","webscreenWindow":{"dialogAnimation":"0","dialogGravity":"17","dialogHeight":"400","dialogUseFullHeight":false},"generatedValues":{"inputwebscreengeneratedassetBasePath":"%source_path","inputwebscreengeneratedautotoolsupdatewebscreenvariableaaaaasda":true,"inputwebscreengeneratedbattleState":"%battle_state"}}</parameters>
					<parameters-type>java.lang.String</parameters-type>
					<plugininstanceid>6f630a96-372c-4811-895e-2f9ca8ecd1a4</plugininstanceid>
					<plugininstanceid-type>java.lang.String</plugininstanceid-type>
					<plugintypeid>com.joaomgcd.autotools.intent.IntentWebScreen</plugintypeid>
					<plugintypeid-type>java.lang.String</plugintypeid-type>
				</Vals>
			</Bundle>
			<Str sr="arg1" ve="3">com.joaomgcd.autotools</Str>
			<Str sr="arg2" ve="3">com.joaomgcd.autotools.activity.ActivityConfigWebScreen</Str>
			<Int sr="arg3" val="30"/>
			<Int sr="arg4" val="1"/>
		</Action>
		<Action sr="act5" ve="7">
			<code>547</code>
			<Str sr="arg0" ve="3">%Battle_state</Str>
			<Str sr="arg1" ve="3">%battle_state</Str>
			<Int sr="arg2" val="0"/>
			<Int sr="arg3" val="0"/>
			<Int sr="arg4" val="0"/>
			<Int sr="arg5" val="3"/>
			<Int sr="arg6" val="1"/>
		</Action>
	</Task>
	<Task sr="task28">
		<cdate>1749637898314</cdate>
		<edate>1749828582261</edate>
		<id>28</id>
		<nme>TBC: Sound</nme>
		<pri>6</pri>
		<Action sr="act0" ve="7">
			<code>192</code>
			<Int sr="arg0" val="1"/>
			<Str sr="arg1" ve="3">ui_tap</Str>
			<Int sr="arg2" val="5"/>
			<ConditionList sr="if">
				<Condition sr="c0" ve="3">
					<lhs>%sound.sfx_name</lhs>
					<op>2</op>
					<rhs>ui_tap</rhs>
				</Condition>
			</ConditionList>
		</Action>
		<Action sr="act1" ve="7">
			<code>192</code>
			<Int sr="arg0" val="1"/>
			<Str sr="arg1" ve="3">ui_swipe</Str>
			<Int sr="arg2" val="5"/>
			<ConditionList sr="if">
				<Condition sr="c0" ve="3">
					<lhs>%sound.sfx_name</lhs>
					<op>2</op>
					<rhs>ui_swipe</rhs>
				</Condition>
			</ConditionList>
		</Action>
	</Task>
</TaskerData>
