[
    {
        "item_name": "Schrödinger's Cache",
        "item_id": 15,
        "base_cost": 3
    },
    {
        "item_name": "Strengthflow Pass",
        "item_id": 20,
        "base_cost": 3
    },
    {
        "item_name": "Bloomweaver Pass",
        "item_id": 21,
        "base_cost": 3
    },
    {
        "item_name": "Endurelight Pass",
        "item_id": 22,
        "base_cost": 3
    },
    {
        "item_name": "Sparkvoice Pass",
        "item_id": 23,
        "base_cost": 3
    },
    {
        "item_name": "Spiritveil Pass",
        "item_id": 24,
        "base_cost": 3
    },
    {
        "item_name": "Mindvault Pass",
        "item_id": 25,
        "base_cost": 3
    }
]